{
  "text_only": {
    "Technology": {
      "NDCG@5": {
        "mean": 0.6828304482253994,
        "ci_low": 0.6302621910590689,
        "ci_high": 0.7353987053917299,
        "n": 2
      },
      "NDCG@10": {
        "mean": 0.814894327984227,
        "ci_low": 0.7842978543911936,
        "ci_high": 0.8454908015772604,
        "n": 2
      },
      "MAP": {
        "mean": 0.7813627344877345,
        "ci_low": 0.7241341991341992,
        "ci_high": 0.8385912698412699,
        "n": 2
      },
      "Spearman": {
        "mean": 0.7353383458646616,
        "ci_low": 0.7127819548872181,
        "ci_high": 0.7578947368421052,
        "n": 2
      }
    },
    "__overall__": {
      "NDCG@5": {
        "mean": 0.8193443366096151,
        "ci_low": 0.7600856352668404,
        "ci_high": 0.8743777230681371,
        "n": 10
      },
      "NDCG@10": {
        "mean": 0.8578346604824771,
        "ci_low": 0.8238372599125947,
        "ci_high": 0.8928073850795171,
        "n": 10
      },
      "MAP": {
        "mean": 0.8588049797424798,
        "ci_low": 0.8001293845043845,
        "ci_high": 0.9126744436119436,
        "n": 10
      },
      "Spearman": {
        "mean": 0.781954887218045,
        "ci_low": 0.7381954887218044,
        "ci_high": 0.8240601503759397,
        "n": 10
      }
    },
    "Finance": {
      "NDCG@5": {
        "mean": 0.8939323733925257,
        "ci_low": 0.8104338279200749,
        "ci_high": 0.9774309188649765,
        "n": 2
      },
      "NDCG@10": {
        "mean": 0.8987219048614477,
        "ci_low": 0.8320556723315006,
        "ci_high": 0.9653881373913947,
        "n": 2
      },
      "MAP": {
        "mean": 0.8975378787878787,
        "ci_low": 0.8291666666666666,
        "ci_high": 0.9659090909090909,
        "n": 2
      },
      "Spearman": {
        "mean": 0.8172932330827067,
        "ci_low": 0.7714285714285714,
        "ci_high": 0.863157894736842,
        "n": 2
      }
    },
    "Healthcare": {
      "NDCG@5": {
        "mean": 0.8600703489649673,
        "ci_low": 0.8051721516273604,
        "ci_high": 0.9149685463025741,
        "n": 2
      },
      "NDCG@10": {
        "mean": 0.876638217856943,
        "ci_low": 0.8216936592515437,
        "ci_high": 0.9315827764623423,
        "n": 2
      },
      "MAP": {
        "mean": 0.8964634324009324,
        "ci_low": 0.8179268648018648,
        "ci_high": 0.975,
        "n": 2
      },
      "Spearman": {
        "mean": 0.7909774436090224,
        "ci_low": 0.6992481203007518,
        "ci_high": 0.882706766917293,
        "n": 2
      }
    },
    "Marketing": {
      "NDCG@5": {
        "mean": 0.8071016955659089,
        "ci_low": 0.7694250987206809,
        "ci_high": 0.8447782924111371,
        "n": 2
      },
      "NDCG@10": {
        "mean": 0.8289586742461905,
        "ci_low": 0.7947968793782525,
        "ci_high": 0.8631204691141284,
        "n": 2
      },
      "MAP": {
        "mean": 0.8038600288600288,
        "ci_low": 0.7292478354978355,
        "ci_high": 0.8784722222222222,
        "n": 2
      },
      "Spearman": {
        "mean": 0.7308270676691728,
        "ci_low": 0.6917293233082705,
        "ci_high": 0.7699248120300751,
        "n": 2
      }
    },
    "Logistics": {
      "NDCG@5": {
        "mean": 0.852786816899274,
        "ci_low": 0.8331448747244041,
        "ci_high": 0.8724287590741439,
        "n": 2
      },
      "NDCG@10": {
        "mean": 0.8699601774635777,
        "ci_low": 0.8570896022047353,
        "ci_high": 0.8828307527224201,
        "n": 2
      },
      "MAP": {
        "mean": 0.9148008241758241,
        "ci_low": 0.8776785714285714,
        "ci_high": 0.9519230769230769,
        "n": 2
      },
      "Spearman": {
        "mean": 0.8353383458646616,
        "ci_low": 0.813533834586466,
        "ci_high": 0.8571428571428572,
        "n": 2
      }
    }
  },
  "text_video": {
    "Technology": {
      "NDCG@5": {
        "mean": 0.6612703126414425,
        "ci_low": 0.5871419198911552,
        "ci_high": 0.7353987053917299,
        "n": 2
      },
      "NDCG@10": {
        "mean": 0.8127298144051095,
        "ci_low": 0.7782963688815443,
        "ci_high": 0.8471632599286747,
        "n": 2
      },
      "MAP": {
        "mean": 0.7688311688311689,
        "ci_low": 0.7334145021645022,
        "ci_high": 0.8042478354978355,
        "n": 2
      },
      "Spearman": {
        "mean": 0.7097744360902254,
        "ci_low": 0.6902255639097743,
        "ci_high": 0.7293233082706766,
        "n": 2
      }
    },
    "__overall__": {
      "NDCG@5": {
        "mean": 0.8326088591175631,
        "ci_low": 0.7578587961235196,
        "ci_high": 0.8970043221309432,
        "n": 10
      },
      "NDCG@10": {
        "mean": 0.8717074570726802,
        "ci_low": 0.8349065298949989,
        "ci_high": 0.9081770735456702,
        "n": 10
      },
      "MAP": {
        "mean": 0.8597113650238649,
        "ci_low": 0.8120086163836163,
        "ci_high": 0.9007530663780663,
        "n": 10
      },
      "Spearman": {
        "mean": 0.7803007518796992,
        "ci_low": 0.7366917293233082,
        "ci_high": 0.8203007518796992,
        "n": 10
      }
    },
    "Finance": {
      "NDCG@5": {
        "mean": 0.8939323733925257,
        "ci_low": 0.8104338279200749,
        "ci_high": 0.9774309188649765,
        "n": 2
      },
      "NDCG@10": {
        "mean": 0.8983442693257091,
        "ci_low": 0.8313004012600236,
        "ci_high": 0.9653881373913947,
        "n": 2
      },
      "MAP": {
        "mean": 0.8836489898989899,
        "ci_low": 0.8291666666666666,
        "ci_high": 0.9381313131313131,
        "n": 2
      },
      "Spearman": {
        "mean": 0.8090225563909774,
        "ci_low": 0.7744360902255639,
        "ci_high": 0.8436090225563909,
        "n": 2
      }
    },
    "Healthcare": {
      "NDCG@5": {
        "mean": 0.8640440277834952,
        "ci_low": 0.8051721516273604,
        "ci_high": 0.92291590393963,
        "n": 2
      },
      "NDCG@10": {
        "mean": 0.883221695897076,
        "ci_low": 0.8341963426947229,
        "ci_high": 0.9322470490994292,
        "n": 2
      },
      "MAP": {
        "mean": 0.9004407051282051,
        "ci_low": 0.8258814102564103,
        "ci_high": 0.975,
        "n": 2
      },
      "Spearman": {
        "mean": 0.7977443609022555,
        "ci_low": 0.7082706766917292,
        "ci_high": 0.8872180451127819,
        "n": 2
      }
    },
    "Marketing": {
      "NDCG@5": {
        "mean": 0.8314256793764918,
        "ci_low": 0.8180730663418464,
        "ci_high": 0.8447782924111371,
        "n": 2
      },
      "NDCG@10": {
        "mean": 0.8499706405528943,
        "ci_low": 0.8334674160917915,
        "ci_high": 0.866473865013997,
        "n": 2
      },
      "MAP": {
        "mean": 0.8468659812409812,
        "ci_low": 0.8152597402597402,
        "ci_high": 0.8784722222222222,
        "n": 2
      },
      "Spearman": {
        "mean": 0.7481203007518795,
        "ci_low": 0.7082706766917292,
        "ci_high": 0.78796992481203,
        "n": 2
      }
    },
    "Logistics": {
      "NDCG@5": {
        "mean": 0.91237190239386,
        "ci_low": 0.8331448747244041,
        "ci_high": 0.9915989300633159,
        "n": 2
      },
      "NDCG@10": {
        "mean": 0.9142708651826119,
        "ci_low": 0.8500014567274699,
        "ci_high": 0.9785402736377539,
        "n": 2
      },
      "MAP": {
        "mean": 0.89876998001998,
        "ci_low": 0.8910714285714285,
        "ci_high": 0.9064685314685315,
        "n": 2
      },
      "Spearman": {
        "mean": 0.8368421052631578,
        "ci_low": 0.8300751879699247,
        "ci_high": 0.8436090225563909,
        "n": 2
      }
    }
  },
  "delta": {
    "Technology": {
      "NDCG@5": {
        "text_only": 0.6828304482253994,
        "text_video": 0.6612703126414425,
        "delta": -0.021560135583956863
      },
      "NDCG@10": {
        "text_only": 0.814894327984227,